problem_size,total_timewrite_time,tree_construction_time,acceleration_calc_time,integration_time
128,2,0,0,0,0,2
256,2,0,0,0,0,2
384,4,0,0,0,0,4
512,5,0,0,0,0,5
640,6,0,0,0,0,6
768,7,0,0,0,0,7
896,6,0,0,0,0,6
1024,7,0,0,0,0,7
1152,8,0,0,0,0,8
1280,8,0,0,0,0,8
1408,10,0,0,0,0,10
1536,10,0,0,0,0,10
1664,11,0,0,0,0,11
1792,12,0,0,0,0,12
1920,13,0,0,0,0,13
2048,14,0,0,0,0,14
2176,15,0,0,0,0,15
2304,16,0,0,0,0,16
2432,17,0,0,0,0,17
2560,18,0,0,9,0,18
2688,18,0,0,8,0,18
2816,20,0,0,10,0,20
2944,20,0,0,10,0,20
3072,21,0,0,10,0,21
3200,22,0,0,10,0,22
3328,23,0,0,10,0,23
3456,24,0,0,10,0,24
3584,25,0,0,10,0,25
3712,26,0,0,10,0,26
3840,27,0,0,10,0,27
3968,28,0,0,10,0,28
4096,29,0,0,10,0,29
4224,31,0,0,10,0,31
4352,32,0,1,10,0,32
4480,33,0,3,11,0,33
4608,34,0,8,12,0,34
4736,35,0,9,15,0,35
4864,36,0,10,18,0,36
4992,37,0,10,18,0,37
5120,38,0,10,20,0,38
5248,39,0,10,20,0,39
5376,40,0,10,20,0,40
5504,42,0,10,20,0,42
5632,43,0,10,20,0,43
5760,46,0,10,20,0,46
5888,45,0,10,20,0,45
6016,47,0,10,20,0,47
6144,47,0,10,21,0,47
6272,48,0,10,22,0,48
6400,52,0,10,26,0,52
6528,53,0,10,27,0,53
6656,52,0,10,26,0,52
6784,53,0,10,27,0,53
6912,54,0,10,28,0,54
7040,55,0,10,28,0,55
7168,57,0,10,30,0,57
7296,58,0,10,30,0,58
7424,59,0,10,30,0,59
7552,63,0,10,33,0,63
7680,61,0,10,31,0,61
7808,62,0,10,32,0,62
7936,67,0,18,35,0,67
8064,67,0,16,35,0,67
8192,66,0,12,34,0,66
8320,67,0,18,35,0,67
8448,68,0,18,36,0,68
8576,69,0,18,36,0,69
8704,70,0,19,37,0,70
8832,71,0,20,37,0,71
8960,73,0,20,38,0,73
9088,74,0,20,41,0,74
9216,75,0,20,41,0,75
9344,76,0,20,42,0,76
9472,77,0,20,42,0,77
9600,78,0,20,43,0,78
9728,80,0,20,44,0,80
9856,80,0,20,45,0,80
9984,82,0,20,45,0,82
10112,83,0,20,46,0,83
10240,84,0,20,46,0,84
10368,86,0,20,46,0,86
10496,87,0,20,47,0,87
10624,88,0,20,48,0,88
10752,89,0,20,49,0,89
10880,91,0,20,49,0,91
11008,91,0,20,50,0,91
11136,93,0,21,51,0,93
11264,94,0,20,52,0,94
11392,95,0,20,54,0,95
11520,97,0,21,56,0,97
11648,98,0,22,55,0,98
11776,99,0,23,56,0,99
11904,100,0,28,57,0,100
12032,101,0,28,57,0,101
12160,103,0,28,58,0,103
12288,104,0,28,59,0,104
12416,106,0,29,61,0,106
12544,109,0,30,62,0,109
12672,108,0,29,61,0,108
12800,110,0,30,64,0,110
12928,111,0,30,62,0,111
13056,112,0,30,62,0,112
13184,113,0,30,66,0,113
13312,114,0,30,66,0,114
13440,115,0,30,68,0,115
13568,118,0,30,68,0,118
13696,119,0,30,68,0,119
13824,120,0,30,70,0,120
13952,121,0,30,70,0,121
14080,122,0,30,70,0,122
14208,123,0,30,71,0,123
14336,124,0,30,71,0,124
14464,126,0,30,72,0,126
14592,128,0,30,74,0,128
14720,129,0,30,74,0,129
14848,130,0,31,75,0,130
14976,131,0,31,76,0,131
15104,132,0,33,76,0,132
15232,133,0,36,78,0,133
15360,135,0,38,78,0,135
15488,137,0,38,80,0,137
15616,138,0,38,81,0,138
15744,139,0,38,82,0,139
15872,140,0,39,83,0,140
16000,141,0,39,84,0,141
16128,143,0,39,84,0,143
16256,144,0,39,84,0,144
16384,145,0,40,85,0,145
16512,147,0,40,87,0,147
16640,148,0,40,87,0,148
16768,150,0,40,87,0,150
16896,151,0,40,88,0,151
17024,152,0,40,91,0,152
17152,154,0,40,91,0,154
17280,156,0,40,93,0,156
17408,157,0,40,94,0,157
17536,157,0,40,94,0,157
17664,159,0,40,95,0,159
17792,160,0,40,95,0,160
17920,162,0,40,95,0,162
18048,163,0,40,97,0,163
18176,164,0,40,98,0,164
18304,166,0,41,99,0,166
18432,168,0,47,99,0,168
18560,168,0,47,100,0,168
18688,171,0,48,101,0,171
18816,171,0,48,102,0,171
18944,173,0,48,104,0,173
19072,174,0,48,104,0,174
19200,175,0,49,104,0,175
19328,177,0,49,106,0,177
19456,178,0,49,108,0,178
19584,180,0,49,109,0,180
19712,183,0,50,110,0,183
19840,183,0,49,110,0,183
19968,185,0,50,110,0,185
20096,186,0,50,111,0,186
20224,187,0,50,113,0,187
20352,189,0,50,113,0,189
20480,190,0,50,114,0,190
20608,190,0,50,115,0,190
20736,192,0,50,115,0,192
20864,193,0,50,118,0,193
20992,197,0,51,119,0,197
21120,196,0,50,118,0,196
21248,197,0,50,118,0,197
21376,198,0,50,119,0,198
21504,200,0,50,122,0,200
21632,209,0,57,128,0,209
21760,203,0,56,124,0,203
21888,204,0,58,124,0,204
22016,206,0,58,126,0,206
22144,206,0,59,126,0,206
22272,208,0,58,128,0,208
22400,210,0,59,127,0,210
22528,215,0,60,130,0,215
22656,212,0,59,128,0,212
22784,213,0,59,130,0,213
22912,216,0,59,131,0,216
23040,221,0,59,135,0,221
23168,218,0,59,134,0,218
23296,224,0,59,135,0,224
23424,220,0,60,137,0,220
23552,222,0,60,136,0,222
23680,224,0,60,137,0,224
23808,225,0,60,137,0,225
23936,226,0,60,139,0,226
24064,228,0,60,139,0,228
24192,230,0,60,141,0,230
24320,233,0,61,142,0,233
24448,231,0,60,142,0,231
24576,234,0,60,145,0,234
24704,235,0,62,145,0,235
24832,236,0,64,145,0,236
24960,237,1,67,146,0,237
25088,240,0,68,148,0,240
25216,241,1,68,149,0,241
25344,243,0,68,151,0,243
25472,244,1,68,150,0,244
25600,246,1,68,151,0,246
25728,249,3,70,154,0,249
25856,249,1,69,153,0,249
25984,251,1,69,153,0,251
26112,253,3,70,155,0,253
26240,254,3,70,157,0,254
26368,254,1,69,158,0,254
26496,255,1,69,158,0,255
26624,257,1,69,159,0,257
26752,260,7,70,160,0,260
26880,260,10,70,161,0,260
27008,270,10,74,166,0,270
27136,263,10,70,162,0,263
27264,264,9,70,162,0,264
27392,260,10,70,161,0,260
27520,261,10,70,162,0,261
27648,286,10,79,178,0,286
27776,280,10,77,177,0,280
27904,295,10,80,186,0,295
28032,295,10,80,187,0,295
28160,297,10,82,188,0,297
28288,298,10,85,189,0,298
28416,301,10,86,190,0,301
28544,301,10,87,191,0,301
28672,314,10,87,193,0,314
28800,304,10,87,193,0,304
28928,309,12,87,195,0,309
29056,307,10,87,196,0,307
29184,313,10,87,197,0,313
29312,312,10,87,198,0,312
29440,312,10,88,199,0,312
29568,315,10,88,199,0,315
29696,318,10,88,200,0,318
29824,320,10,88,202,0,320
29952,322,10,88,202,0,322
30080,321,11,88,204,0,321
30208,323,10,88,204,0,323
30336,326,10,88,207,0,326
30464,329,10,88,208,0,329
30592,331,11,90,209,0,331
30720,333,10,90,209,0,333
30848,334,11,90,210,0,334
30976,331,10,91,211,0,331
31104,335,10,93,212,0,335
31232,336,10,97,212,0,336
31360,342,11,97,213,0,342
31488,340,10,97,215,0,340
31616,343,10,97,218,0,343
31744,346,10,97,219,0,346
31872,345,10,97,220,0,345
32000,349,10,98,220,0,349
32128,349,10,98,221,0,349
32256,350,14,98,221,0,350
32384,350,11,98,221,0,350
32512,353,10,98,224,0,353
32640,352,10,98,226,0,352
32768,354,10,98,228,0,354
32896,357,10,98,229,0,357
33024,357,10,98,228,0,357
33152,359,10,99,230,0,359
33280,365,10,99,230,0,365
33408,364,10,99,231,0,364
33536,365,10,100,233,0,365
33664,366,10,100,235,0,366
33792,369,10,103,237,0,369
33920,369,10,105,238,0,369
34048,386,10,107,238,0,386
34176,375,10,107,239,0,375
34304,378,10,107,240,0,378
34432,378,11,107,240,0,378
34560,379,10,107,240,0,379
34688,380,10,108,243,0,380
34816,381,10,108,245,0,381
34944,383,10,108,246,0,383
35072,384,10,108,248,0,384
35200,389,11,108,248,0,389
35328,393,10,108,249,0,393
35456,389,10,108,250,0,389
35584,391,10,108,250,0,391
35712,392,10,108,250,0,392
35840,396,12,108,254,0,396
35968,396,10,108,254,0,396
36096,402,10,108,255,0,402
36224,401,10,109,256,0,401
36352,402,11,109,257,0,402
36480,406,11,111,260,0,406
36608,411,12,113,261,0,411
36736,413,10,117,262,0,413
36864,411,10,117,264,0,411
36992,413,10,117,264,0,413
37120,417,15,117,265,0,417
37248,413,10,117,265,0,413
37376,418,13,118,267,0,418
37504,424,10,118,267,0,424
37632,424,14,118,270,0,424
37760,425,10,118,271,0,425
37888,426,13,118,272,0,426
38016,426,10,118,273,0,426
38144,429,15,118,275,0,429
38272,430,11,118,276,0,430
38400,429,11,118,276,0,429
38528,432,10,118,277,0,432
38656,437,11,118,278,0,437
38784,436,11,118,278,0,436
38912,442,13,119,281,0,442
39040,439,12,119,283,0,439
39168,442,11,120,283,0,442
39296,447,10,120,284,0,447
39424,448,10,122,285,0,448
39552,444,10,126,285,0,444
39680,445,13,127,287,0,445
39808,450,10,127,289,0,450
39936,452,10,127,292,0,452
40064,454,10,127,292,0,454
40192,461,13,128,293,0,461
40320,459,13,128,294,0,459
40448,460,11,128,294,0,460
40576,460,11,128,294,0,460
40704,459,10,128,294,0,459
40832,459,10,128,297,0,459
40960,463,11,128,301,0,463
41088,469,12,128,301,0,469
41216,473,10,128,301,0,473
41344,472,11,128,301,0,472
41472,470,12,128,304,0,470
41600,482,13,129,305,0,482
41728,473,12,131,305,0,473
41856,477,11,129,305,0,477
41984,483,15,130,309,0,483
42112,479,10,130,310,0,479
42240,487,13,135,310,0,487
42368,491,14,137,311,0,491
42496,484,13,137,312,0,484
42624,484,11,137,312,0,484
42752,484,10,137,314,0,484
42880,491,12,138,314,0,491
43008,492,13,138,318,0,492
43136,500,16,138,320,0,500
43264,499,11,138,320,0,499
43392,499,16,138,320,0,499
43520,497,13,138,321,0,497
43648,501,16,138,321,0,501
43776,501,12,138,321,0,501
43904,501,11,138,325,0,501
44032,503,15,139,326,0,503
44160,511,12,139,328,0,511
44288,504,12,138,329,0,504
44416,522,17,139,329,0,522
44544,511,14,140,329,0,511
44672,513,13,139,331,0,513
44800,513,11,141,332,0,513
44928,514,12,143,333,0,514
45056,521,17,145,334,0,521
45184,521,17,147,337,0,521
45312,524,18,147,337,0,524
45440,523,17,148,338,0,523
45568,525,14,148,339,0,525
45696,532,19,148,339,0,532
45824,531,16,148,341,0,531
45952,537,18,148,343,0,537
46080,534,17,148,344,0,534
46208,543,25,148,346,0,543
46336,539,21,148,346,0,539
46464,533,19,148,347,0,533
46592,544,18,148,350,0,544
46720,541,17,148,349,0,541
46848,542,20,149,351,0,542
46976,542,18,149,354,0,542
47104,545,19,149,355,0,545
47232,547,21,149,355,0,547
47360,544,20,150,355,0,544
47488,549,20,150,355,0,549
47616,547,19,152,355,0,547
47744,552,19,152,358,0,552
47872,554,14,156,362,0,554
48000,564,18,156,362,0,564
48128,558,20,158,364,0,558
48256,557,20,158,364,0,557
48384,560,20,158,365,0,560
48512,569,20,158,365,0,569
48640,570,21,158,365,0,570
48768,568,17,158,366,0,568
48896,568,19,158,370,0,568
49024,580,21,158,373,0,580
49152,575,21,158,373,0,575
49280,578,21,158,373,0,578
49408,581,20,159,373,0,581
49536,577,20,159,374,0,577
49664,575,21,159,375,0,575
49792,583,20,159,376,0,583
49920,588,19,160,378,0,588
50048,586,20,160,380,0,586
50176,592,20,160,383,0,592
50304,585,20,162,383,0,585
50432,593,20,164,384,0,593
50560,594,20,166,384,0,594
50688,597,20,167,384,0,597
50816,599,20,167,384,0,599
50944,594,22,168,386,0,594
51072,600,21,168,387,0,600
51200,609,20,168,393,0,609
51328,601,20,168,393,0,601
51456,609,20,168,393,0,609
51584,617,28,168,394,0,617
51712,614,22,168,394,0,614
51840,615,23,168,394,0,615
51968,620,20,168,395,0,620
52096,615,20,168,399,0,615
52224,613,23,169,398,0,613
52352,620,21,169,401,0,620
52480,623,21,169,402,0,623
52608,631,24,170,403,0,631
52736,624,21,170,404,0,624
52864,630,21,173,404,0,630
52992,642,28,175,407,0,642
53120,624,21,175,407,0,624
53248,634,22,176,411,0,634
53376,633,23,176,411,0,633
53504,634,20,178,412,0,634
53632,636,20,177,411,0,636
53760,643,24,177,411,0,643
53888,633,20,178,412,0,633
54016,642,23,178,413,0,642
54144,648,20,178,415,0,648
54272,646,20,178,415,0,646
54400,638,20,178,417,0,638
54528,644,21,178,419,0,644
54656,651,21,178,421,0,651
54784,650,24,178,421,0,650
54912,646,20,178,421,0,646
55040,654,20,178,423,0,654
55168,666,27,178,423,0,666
55296,653,20,178,423,0,653
55424,664,21,178,426,0,664
55552,658,20,180,427,0,658
55680,657,27,181,428,0,657
55808,662,20,182,430,0,662
55936,662,20,182,429,0,662
56064,668,24,185,429,0,668
56192,664,21,186,433,0,664
56320,669,21,187,435,0,669
56448,667,21,187,435,0,667
56576,675,23,188,437,0,675
56704,672,21,188,438,0,672
56832,685,21,188,438,0,685
56960,671,20,188,438,0,671
57088,672,20,188,439,0,672
57216,685,28,188,442,0,685
57344,681,20,188,442,0,681
57472,686,22,188,444,0,686
57600,686,23,188,446,0,686
57728,686,20,188,446,0,686
57856,700,24,189,447,0,700
57984,700,26,188,448,0,700
58112,696,25,189,449,0,696
58240,699,20,191,449,0,699
58368,699,20,190,449,0,699
58496,703,20,194,453,0,703
58624,696,22,194,456,0,696
58752,704,20,196,456,0,704
58880,703,22,197,457,0,703
59008,704,24,197,457,0,704
59136,701,22,198,458,0,701
59264,708,24,198,458,0,708
59392,712,21,198,460,0,712
59520,720,21,198,463,0,720
59648,722,20,198,466,0,722
59776,714,24,198,466,0,714
59904,726,22,198,466,0,726
60032,722,21,198,468,0,722
60160,732,26,198,468,0,732
60288,721,21,198,468,0,721
60416,723,25,200,469,0,723
60544,729,20,200,473,0,729
60672,733,21,201,472,0,733
60800,738,22,202,473,0,738
60928,726,21,203,474,0,726
61056,727,21,203,475,0,727
61184,730,20,205,478,0,730
61312,733,21,206,479,0,733
61440,747,32,205,479,0,747
61568,737,22,206,481,0,737
61696,743,24,208,481,0,743
61824,738,23,208,482,0,738
61952,740,25,208,484,0,740
62080,743,22,208,486,0,743
62208,747,22,208,485,0,747
62336,756,23,208,487,0,756
62464,747,21,208,488,0,747
62592,749,26,208,488,0,749
62720,757,21,208,490,0,757
62848,752,22,208,492,0,752
62976,758,24,209,493,0,758
63104,753,20,208,494,0,753
63232,754,22,208,496,0,754
63360,756,21,212,496,0,756
63488,765,25,211,497,0,765
63616,767,22,214,499,0,767
63744,771,21,215,499,0,771
63872,750,23,208,484,0,750
64000,748,25,206,482,0,748
64128,744,22,202,486,0,744
64256,731,21,203,484,0,731
64384,733,22,200,476,0,733
64512,742,23,204,485,0,742
64640,741,21,203,481,0,741
64768,732,20,201,482,0,732
64896,738,22,202,480,0,738
65024,737,21,204,483,0,737
65152,772,20,214,501,0,772
65280,743,20,205,485,0,743
65408,747,21,205,487,0,747
65536,757,22,210,496,0,757
65664,742,22,205,486,0,742
65792,758,22,209,494,0,758
65920,758,22,209,495,0,758
66048,752,26,207,491,0,752
66176,765,22,210,500,0,765
66304,754,21,207,498,0,754
66432,768,22,215,498,0,768
66560,743,21,203,482,0,743
66688,738,22,207,480,0,738
66816,737,20,203,480,0,737
66944,733,22,203,479,0,733
67072,738,20,207,484,0,738
67200,749,21,207,494,0,749
67328,728,20,202,480,0,728
67456,741,20,203,482,0,741
67584,741,21,202,483,0,741
67712,751,26,207,484,0,751
67840,771,26,211,499,0,771
67968,740,20,204,483,0,740
68096,754,20,210,492,0,754
68224,741,20,204,485,0,741
68352,745,20,208,489,0,745
68480,756,20,209,494,0,756
68608,772,21,212,503,0,772
68736,774,23,214,499,0,774
68864,770,21,212,502,0,770
68992,759,20,210,497,0,759
69120,755,22,212,496,0,755
69248,766,27,211,491,0,766
69376,763,21,211,495,0,763
69504,767,23,213,502,0,767
69632,798,26,219,518,0,798
69760,778,26,216,506,0,778
69888,769,22,212,503,0,769
70016,764,22,212,498,0,764
70144,790,22,219,512,0,790
70272,810,23,223,528,0,810
70400,779,21,215,508,0,779
70528,776,21,216,509,0,776
70656,776,22,214,503,0,776
70784,789,24,218,511,0,789
70912,803,22,221,524,0,803
71040,796,24,219,517,0,796
71168,795,24,219,520,0,795
71296,799,21,225,525,0,799
71424,782,22,219,513,0,782
71552,784,22,217,509,0,784
71680,801,23,221,521,0,801
71808,801,21,222,522,0,801
71936,788,22,220,515,0,788
72064,788,21,217,515,0,788
72192,812,26,225,527,0,812
72320,785,20,219,513,0,785
72448,794,20,221,517,0,794
72576,783,20,218,510,0,783
72704,786,20,218,511,0,786
72832,787,20,218,513,0,787
72960,789,20,218,512,0,789
73088,792,20,218,516,0,792
73216,792,20,218,516,0,792
73344,793,20,218,517,0,793
73472,795,20,219,520,0,795
73600,797,20,219,521,0,797
73728,799,20,219,521,0,799
73856,835,23,233,544,0,835
73984,801,20,220,523,0,801
74112,803,20,222,524,0,803
74240,812,20,226,527,0,812
74368,803,20,226,529,0,803
74496,806,20,223,526,0,806
74624,809,20,223,528,0,809
74752,813,20,225,531,0,813
74880,812,20,224,529,0,812
75008,813,20,226,531,0,813
75136,813,21,226,531,0,813
75264,817,20,228,532,0,817
75392,817,20,228,532,0,817
75520,817,20,228,534,0,817
75648,819,20,228,535,0,819
75776,822,20,228,538,0,822
75904,824,21,228,538,0,824
76032,824,21,228,538,0,824
76160,835,21,230,547,0,835
76288,838,24,232,546,0,838
76416,871,26,240,570,0,871
76544,837,20,231,546,0,837
76672,832,21,228,545,0,832
76800,835,21,230,544,0,835
76928,838,21,231,546,0,838
77056,838,22,230,547,0,838
77184,837,21,230,546,0,837
77312,841,21,232,548,0,841
77440,841,21,232,550,0,841
77568,844,21,232,549,0,844
77696,844,22,234,551,0,844
77824,847,21,233,553,0,847
77952,847,22,235,554,0,847
78080,851,21,236,555,0,851
78208,851,21,237,555,0,851
78336,854,21,238,556,0,854
78464,881,27,243,576,0,881
78592,856,21,238,558,0,856
78720,864,22,241,565,0,864
78848,860,22,238,560,0,860
78976,862,25,240,567,0,862
79104,862,24,239,562,0,862
79232,863,25,238,564,0,863
79360,866,23,238,565,0,866
79488,864,21,239,563,0,864
79616,866,21,238,566,0,866
79744,868,24,242,570,0,868
79872,868,24,239,568,0,868
80000,869,26,240,568,0,869
80128,872,30,241,568,0,872
80256,872,30,241,568,0,872
80384,875,27,242,571,0,875
80512,876,23,243,572,0,876
80640,878,24,243,573,0,878
80768,879,26,244,576,0,879
80896,881,30,245,576,0,881
81024,882,30,246,578,0,882
81152,884,30,246,578,0,884
81280,888,30,246,580,0,888
81408,886,30,246,578,0,886
81536,888,28,246,580,0,888
81664,890,27,247,581,0,890
81792,890,30,247,582,0,890
81920,894,30,247,586,0,894
82048,895,30,248,587,0,895
82176,897,30,248,586,0,897
82304,897,30,249,587,0,897
82432,900,30,248,588,0,900
82560,900,30,248,587,0,900
82688,903,30,250,590,0,903
82816,903,30,249,590,0,903
82944,906,30,250,590,0,906
83072,906,30,251,592,0,906
83200,972,30,271,634,0,972
83328,924,30,256,602,0,924
83456,913,30,251,596,0,913
83584,921,30,255,601,0,921
83712,940,30,259,617,0,940
83840,918,30,253,597,0,918
83968,925,30,257,613,0,925
84096,920,30,256,600,0,920
84224,920,30,256,601,0,920
84352,922,30,257,600,0,922
84480,929,30,257,607,0,929
84608,926,30,257,605,0,926
84736,926,30,257,606,0,926
84864,929,30,258,605,0,929
84992,931,30,258,606,0,931
85120,932,30,258,608,0,932
85248,932,30,258,609,0,932
85376,936,30,258,610,0,936
85504,937,30,259,611,0,937
85632,936,30,259,613,0,936
85760,938,30,260,614,0,938
85888,940,30,260,613,0,940
86016,942,30,260,614,0,942
86144,944,30,261,615,0,944
86272,946,30,261,618,0,946
86400,948,30,262,619,0,948
86528,951,30,262,620,0,951
86656,951,30,265,621,0,951
86784,951,30,266,622,0,951
86912,953,30,265,622,0,953
87040,954,30,265,622,0,954
87168,956,30,266,624,0,956
87296,960,30,268,626,0,960
87424,959,30,266,626,0,959
87552,960,30,267,627,0,960
87680,962,30,267,631,0,962
87808,965,30,267,632,0,965
87936,965,30,267,631,0,965
88064,969,30,271,638,0,969
88192,968,30,267,632,0,968
88320,971,30,269,634,0,971
88448,972,30,270,637,0,972
88576,985,30,273,645,0,985
88704,982,30,277,651,0,982
88832,1014,30,283,662,0,1014
88960,985,30,273,645,0,985
89088,978,30,271,639,0,978
89216,982,30,273,641,0,982
89344,982,30,273,641,0,982
89472,988,30,274,643,0,988
89600,986,30,273,644,0,986
89728,985,30,273,646,0,985
89856,986,30,276,646,0,986
89984,989,30,276,648,0,989
90112,992,30,276,650,0,992
90240,996,30,276,654,0,996
90368,994,30,276,651,0,994
90496,1025,30,286,671,0,1025
90624,997,30,277,651,0,997
90752,997,30,277,652,0,997
90880,1002,30,277,654,0,1002
91008,1002,30,279,654,0,1002
91136,1018,30,284,666,0,1018
91264,1007,30,278,662,0,1007
91392,1006,30,279,658,0,1006
91520,1007,30,280,659,0,1007
91648,1009,30,280,659,0,1009
91776,1009,30,280,660,0,1009
91904,1012,30,280,662,0,1012
92032,1015,30,282,664,0,1015
92160,1015,30,282,662,0,1015
92288,1015,30,281,666,0,1015
92416,1018,30,282,666,0,1018
92544,1011,30,283,671,0,1011
92672,1021,30,285,669,0,1021
92800,1022,30,285,670,0,1022
92928,1023,30,286,670,0,1023
93056,1038,30,290,681,0,1038
93184,1026,30,287,672,0,1026
93312,1028,30,287,672,0,1028
93440,1030,30,287,676,0,1030
93568,1041,30,291,681,0,1041
93696,1052,30,294,687,0,1052
93824,1045,30,291,685,0,1045
93952,1067,30,297,699,0,1067
94080,1037,30,289,678,0,1037
94208,1040,30,290,681,0,1040
94336,1041,30,289,684,0,1041
94464,1042,30,290,683,0,1042
94592,1044,30,290,685,0,1044
94720,1046,30,290,686,0,1046
94848,1047,30,291,685,0,1047
94976,1053,30,293,688,0,1053
95104,1053,30,292,688,0,1053
95232,1052,30,293,687,0,1052
95360,1054,30,293,690,0,1054
95488,1056,30,293,693,0,1056
95616,1057,30,294,694,0,1057
95744,1059,30,295,695,0,1059
95872,1060,30,296,696,0,1060
96000,1062,30,296,696,0,1062
96128,1064,30,296,697,0,1064
96256,1068,30,299,705,0,1068
96384,1065,30,296,698,0,1065
96512,1069,30,298,698,0,1069
96640,1069,30,297,700,0,1069
96768,1071,30,298,699,0,1071
96896,1075,30,298,705,0,1075
97024,1083,30,302,711,0,1083
97152,1073,30,299,702,0,1073
97280,1078,30,299,706,0,1078
97408,1078,30,301,707,0,1078
97536,1091,30,302,716,0,1091
97664,1080,30,301,708,0,1080
97792,1084,30,300,709,0,1084
97920,1083,30,302,709,0,1083
98048,1086,30,303,712,0,1086
98176,1086,30,301,712,0,1086
98304,1088,30,302,713,0,1088
98432,1091,30,302,715,0,1091
98560,1092,31,302,717,0,1092
98688,1095,30,306,717,1,1095
98816,1107,30,309,724,0,1107
98944,1095,30,306,716,0,1095
99072,1096,30,306,717,0,1096
99200,1100,30,306,722,0,1100
99328,1105,30,310,723,0,1105
99456,1105,30,308,725,0,1105
99584,1144,35,319,750,0,1144
99712,1114,31,311,732,0,1114
99840,1113,31,310,731,0,1113
99968,1109,30,308,727,0,1109
100096,1109,30,309,728,0,1109
100224,1114,30,309,728,0,1114
100352,1115,30,310,729,0,1115
100480,1114,30,310,731,0,1114
100608,1116,31,310,732,0,1116
100736,1118,32,310,733,0,1118
100864,1123,30,312,735,0,1123
100992,1119,30,311,733,0,1119
101120,1125,30,312,737,0,1125
101248,1123,30,312,736,0,1123
101376,1126,31,312,736,0,1126
101504,1127,31,313,739,0,1127
101632,1129,31,314,741,0,1129
101760,1128,31,315,740,0,1128
101888,1135,31,316,743,0,1135
102016,1134,30,316,742,0,1134
102144,1133,30,316,742,0,1133
102272,1143,32,319,747,0,1143
102400,1149,33,321,754,0,1149
102528,1138,32,318,744,0,1138
102656,1140,31,318,748,0,1140
102784,1142,33,319,750,0,1142
102912,1143,31,320,751,0,1143
103040,1143,31,319,752,0,1143
103168,1144,31,321,760,0,1144
103296,1148,32,320,753,0,1148
103424,1151,31,321,753,0,1151
103552,1152,33,320,756,0,1152
103680,1153,32,322,754,0,1153
103808,1156,34,321,756,0,1156
103936,1157,34,321,758,0,1157
104064,1174,35,327,769,0,1174
104192,1161,34,323,761,0,1161
104320,1163,35,322,761,0,1163
104448,1163,34,323,762,0,1163
104576,1165,37,325,764,0,1165
104704,1167,39,325,766,0,1167
104832,1167,39,326,764,0,1167
104960,1170,39,327,766,0,1170
105088,1171,38,326,768,0,1171
105216,1175,38,327,771,0,1175
105344,1175,39,328,770,0,1175
105472,1181,40,329,773,1,1181
105600,1190,40,331,781,0,1190
105728,1183,40,329,774,0,1183
105856,1187,40,329,780,0,1187
105984,1184,40,329,776,0,1184
106112,1184,40,330,777,0,1184
106240,1185,40,329,777,0,1185
106368,1185,40,331,776,0,1185
106496,1189,40,332,786,0,1189
106624,1190,40,330,781,0,1190
106752,1191,40,331,780,0,1191
106880,1193,40,332,783,0,1193
107008,1190,40,332,787,0,1190
107136,1193,40,332,782,0,1193
107264,1197,40,334,784,0,1197
107392,1198,40,332,786,0,1198
107520,1199,40,334,784,0,1199
107648,1203,40,335,790,0,1203
107776,1205,40,336,789,0,1205
107904,1204,40,336,788,0,1204
108032,1209,40,336,790,0,1209
108160,1216,40,338,797,0,1216
108288,1208,40,338,791,0,1208
108416,1210,40,338,793,0,1210
108544,1214,40,339,794,0,1214
108672,1213,40,338,793,0,1213
108800,1216,40,338,797,0,1216
108928,1217,40,339,798,0,1217
109056,1220,40,340,799,0,1220
109184,1220,40,340,800,0,1220
109312,1221,40,340,802,0,1221
109440,1229,40,343,805,0,1229
109568,1227,40,341,805,0,1227
109696,1227,40,342,805,0,1227
109824,1233,40,346,806,0,1233
109952,1234,40,342,806,0,1234
110080,1234,40,342,810,0,1234
110208,1229,40,345,811,0,1229
110336,1235,40,345,811,0,1235
110464,1238,40,344,813,0,1238
110592,1238,40,346,812,0,1238
110720,1242,40,346,813,0,1242
110848,1243,40,346,813,0,1243
110976,1242,40,346,813,0,1242
111104,1246,40,348,818,0,1246
111232,1245,40,348,818,0,1245
111360,1251,40,348,818,0,1251
111488,1254,40,349,825,0,1254
111616,1251,40,348,821,0,1251
111744,1250,40,348,822,0,1250
111872,1255,40,348,823,0,1255
112000,1255,40,348,823,0,1255
112128,1256,40,350,824,0,1256
112256,1257,40,350,825,0,1257
112384,1258,40,350,827,0,1258
112512,1261,40,350,829,0,1261
112640,1264,40,351,830,0,1264
112768,1265,40,351,831,0,1265
112896,1265,40,351,829,0,1265
113024,1269,40,354,831,0,1269
113152,1269,40,353,833,0,1269
113280,1286,40,361,850,0,1286
113408,1271,40,355,837,0,1271
113536,1274,40,355,837,0,1274
113664,1274,40,355,836,0,1274
113792,1276,40,356,839,0,1276
113920,1281,40,356,843,0,1281
114048,1279,40,358,840,0,1279
114176,1283,40,358,842,0,1283
114304,1283,40,359,843,0,1283
114432,1283,40,358,843,0,1283
114560,1284,40,358,845,0,1284
114688,1291,40,359,848,0,1291
114816,1288,40,358,845,0,1288
114944,1291,40,359,848,0,1291
115072,1293,40,359,850,0,1293
115200,1295,40,359,849,0,1295
115328,1296,40,361,851,0,1296
115456,1298,40,362,855,0,1298
115584,1297,40,360,852,0,1297
115712,1301,40,363,855,0,1301
115840,1302,40,363,856,0,1302
115968,1304,40,362,857,0,1304
116096,1307,40,365,859,0,1307
116224,1299,40,364,863,0,1299
116352,1307,40,365,860,0,1307
116480,1310,40,367,862,0,1310
116608,1310,40,366,862,0,1310
116736,1312,40,368,861,0,1312
116864,1314,40,367,864,0,1314
116992,1317,40,368,866,0,1317
117120,1317,40,368,865,0,1317
117248,1323,40,369,868,0,1323
117376,1343,40,374,884,0,1343
117504,1322,40,368,868,0,1322
117632,1325,40,368,870,0,1325
